[
    {
        "fieldInput": "id:increments",
        "htmlType": "",
        "validations": "",
        "searchable": false,
        "fillable": false,
        "primary": true,
        "inForm": false,
        "inIndex": false
    },
    {
        "fieldInput": "created_at:timestamp",
        "htmlType": "",
        "validations": "",
        "searchable": false,
        "fillable": false,
        "primary": false,
        "inForm": false,
        "inIndex": false
    },
    {
        "fieldInput": "updated_at:timestamp",
        "htmlType": "",
        "validations": "",
        "searchable": false,
        "fillable": false,
        "primary": false,
        "inForm": false,
        "inIndex": false
    },
    {
        "fieldInput": "name:string",
        "htmlType": "text",
        "validations": "required",
        "searchable": true,
        "inForm": true,
        "inIndex": true
    },
    {
        "fieldInput": "user_id:integer",
        "htmlType": "",
        "validations": "",
        "searchable": false,
        "fillable": false,
        "primary": false,
        "inForm": false,
        "inIndex": false
    },
    {
    "type": "relation",
    "relation": "1tm,Project_Vertical"
}
]